как вывести триган д из организма; http://www.medicus.ru/narcology/consult/question38421.phtml; www.medicus.ru
как вывести триган д из организма; http://www.narcolog-24.ru/2012/11/trigan-d.html; www.narcolog-24.ru
как вывести триган д из организма; http://otravlen.ru/peredozirovka-trigan-d-posledstviya/; otravlen.ru
как вывести триган д из организма; http://doktor.ru/q/m8y73v/; doktor.ru
как вывести триган д из организма; http://doktor.ru/q/56myk7/; doktor.ru
как вывести триган д из организма; https://otravlen.net/peredozirovka-trigan-d/; otravlen.net
.............................................
.............................................
выведение из запоя на дому; https://odessa.flagma.ua/vyvod-iz-zapoya-so424038-1.html; odessa.flagma.ua
выведение из запоя на дому; http://www.happydoctor.ru/patient/vyvedenie-iz-zapoja-na-domu; www.happydoctor.ru
.............................................
вывод из запоя на дому; https://odessa.flagma.ua/vyvod-iz-zapoya-so424038-1.html; odessa.flagma.ua
.............................................
как бросить употреблять спиртное; http://www.vrednye.ru/kak-brosit-pit-alkogol/kak-pobedit-zavisimost.html; www.vrednye.ru
как бросить употреблять спиртное; http://nperov.ru/zdorove/kak-brosit-pit-navsegda/; nperov.ru
как бросить употреблять спиртное; http://www.russlav.ru/alkogolizm/kak-brosit-pit-alkogol.html; www.russlav.ru
как бросить употреблять спиртное; http://vsegdazdorov.net/story/kak-brosit-pit-alkogol-narodnye-sredstva; vsegdazdorov.net
как бросить употреблять спиртное; http://vsegdazdorov.net/story/kak-samostoyatelno-brosit-pit-alkogol; vsegdazdorov.net
как бросить употреблять спиртное; http://vsegdazdorov.net/story/kak-brosit-pit-alkogol; vsegdazdorov.net
как бросить употреблять спиртное; http://www.trezv.com/155; www.trezv.com
как бросить употреблять спиртное; https://ru.wikihow.com/%D0%B1%D1%80%D0%BE%D1%81%D0%B8%D1%82%D1%8C-%D0%BF%D0%B8%D1%82%D1%8C-%D0%B0%D0%BB%D0%BA%D0%BE%D0%B3%D0%BE%D0%BB%D1%8C; ru.wikihow.com
как бросить употреблять спиртное; http://narcofree.ru/metodi_lecheniya_alkogolizma/kak_brosit_pit_samomu; narcofree.ru
как бросить употреблять спиртное; http://brositpitlegko.ru/kak-brosit-pit/doma/; brositpitlegko.ru
как бросить употреблять спиртное; http://kak-interesno.ru/interesnoe-o-zdorove/kak-brosit-pit-alkogol-v-domashnih-usloviyah; kak-interesno.ru
как бросить употреблять спиртное; http://gopsy.ru/zavisimosti/kak-brosit-pit.html; gopsy.ru
.............................................
кодировка от алкоголизма; http://stopalkogolizm.ru/kodirovanie-ot-alkogolizma/; stopalkogolizm.ru
кодировка от алкоголизма; http://klinika-doroslyh.kiev.ua/index.php/%D0%9D%D0%B0%D1%80%D0%BA%D0%BE%D0%BB%D0%BE%D0%B3%D0%B8%D1%8F/kodirovka.html; klinika-doroslyh.kiev.ua
.............................................
кодировка от алкогольной зависимости; http://stopalkogolizm.ru/kodirovanie-ot-alkogolizma/; stopalkogolizm.ru
.............................................
вопросы по алкоголизму; http://narcofree.ru/materiali_ob_alkogolizme/alkogolizm_soveti_spetsialista; narcofree.ru
вопросы по алкоголизму; https://alcofan.com/test-na-alkogolizm; alcofan.com
вопросы по алкоголизму; http://www.polismed.com/articles-alkogolizm-obshhie-voprosy-lechenija.html; www.polismed.com
вопросы по алкоголизму; http://xn----7sbabkauaucayksiop0b0af4c.xn--p1ai/testy-detyam/test-na-alkogolizm/; психоаналитик-матвеев.рф
.............................................
вывод из запоя с выездом на дом; http://alcoholismhls.ru/2016/10/22/vyvod-iz-zapoya-s-vyezdom-na-dom/; alcoholismhls.ru
.............................................
как избавиться от периодических запоев; http://www.trezv.com/zapoy; www.trezv.com
как избавиться от периодических запоев; http://stopalkogolizm.ru/kak-viyti-iz-zapoya-v-domashnih-usloviyah/; stopalkogolizm.ru
как избавиться от периодических запоев; http://brosaem.info/vse-o-zapoe.php; brosaem.info
как избавиться от периодических запоев; http://alkogolu.net/zapoy/gallyucinacii-posle-zapoya.html; alkogolu.net
как избавиться от периодических запоев; http://www.doctorate.ru/chronic-alcoholism/; www.doctorate.ru
.............................................
закодироваться от алкоголизма; http://klinika-doroslyh.kiev.ua/index.php/%D0%9D%D0%B0%D1%80%D0%BA%D0%BE%D0%BB%D0%BE%D0%B3%D0%B8%D1%8F/kodirovka.html; klinika-doroslyh.kiev.ua
.............................................
снятие алкогольной интоксикации; http://stopalkogolizm.ru/snyatie-alkogolnoy-intoksikacii-v-domashnih-usloviyah/; stopalkogolizm.ru
снятие алкогольной интоксикации; http://narcofree.ru/metodi_lecheniya_alkogolizma/snyatie_alkogolnoy_intoksikatsii; narcofree.ru
снятие алкогольной интоксикации; http://alkogolu.net/posledstviya/pohmelie/kak-snyat-alkogolnuyu-intoksikaciyu-v-domashnih-usloviyah.html; alkogolu.net
снятие алкогольной интоксикации; https://pohmelje.ru/kapelnicy-ot-pohmelya/; pohmelje.ru
снятие алкогольной интоксикации; http://yatrezv.com/brosit/sposoby-lecheniya/kapelnica.html; yatrezv.com
снятие алкогольной интоксикации; http://otravleniy.net/otravleniya-alkogolem/medikamentoznoe-lechenie-alkogolnoj-intoksikatsii.html; otravleniy.net
снятие алкогольной интоксикации; http://europaclinic.ru/lechenie/kapelnitsa-dlya-snyatiya-alkogolnoj-intoksikatsii.html; europaclinic.ru
.............................................
где можно закодироваться от алкоголизма; http://klinika-doroslyh.kiev.ua/index.php/%D0%9D%D0%B0%D1%80%D0%BA%D0%BE%D0%BB%D0%BE%D0%B3%D0%B8%D1%8F/kodirovka.html; klinika-doroslyh.kiev.ua
где можно закодироваться от алкоголизма; http://yatrezv.com/brosit/sposoby-lecheniya/v-domashnix-usloviyax.html; yatrezv.com
.............................................
как быстрее вывести из организма канабис; http://www.medcent.ru/health/kak-vyivesti-marihuanu-iz-organizma-prakticheskie-sovetyi.html; www.medcent.ru
как быстрее вывести из организма канабис; http://www.minzdrav-rf.ru/consultation/811; www.minzdrav-rf.ru
как быстрее вывести из организма канабис; http://receptdolgolet.ru/ochishhenie/kak-vyvesti-konoplyu-iz-organizma.html; receptdolgolet.ru
как быстрее вывести из организма канабис; http://receptdolgolet.ru/privychki/kurenie/kak-vyvesti-iz-organizma-marixuanu.html; receptdolgolet.ru
как быстрее вывести из организма канабис; http://www.vrednye.ru/narkotiki/kak-vyvesti-marixuanu.html; www.vrednye.ru
как быстрее вывести из организма канабис; http://medinote.ru/kak-vyvesti-kanabinol-iz-organizma.html; medinote.ru
как быстрее вывести из организма канабис; https://otravlenym.ru/ochischenie/kak-vyvesti-kanabinol.html; otravlenym.ru
как быстрее вывести из организма канабис; http://doktor.ru/q/0ql74/; doktor.ru
.............................................
как добавлять эспераль в еду; http://sovet.kidstaff.com.ua/question-111606; sovet.kidstaff.com.ua
как добавлять эспераль в еду; http://narcofree.ru/metodi_lecheniya_alkogolizma/lekarstvo_v_edu_alkogoliku; narcofree.ru
как добавлять эспераль в еду; http://razuznai.ru/esperal.html; razuznai.ru
как добавлять эспераль в еду; http://narodn--sredstva.ru/alkogolizm-narodnye-sredstva-i-metody-lecheniya-alkogolizma-bez-vedoma-bolnogo-kak-vylechit-alkogolika/; narodn--sredstva.ru
как добавлять эспераль в еду; http://gidmed.com/narkologiya/lekarstva-nark/kapli-ot-alkogolizma.html; gidmed.com
.............................................
онлайн консультация нарколога; http://www.likar.info/consult/narkolog/; www.likar.info
.............................................
онлайн нарколог бесплатно; http://www.likar.info/consult/narkolog/; www.likar.info
.............................................
очистка организма от канабиса; http://receptdolgolet.ru/privychki/kurenie/kak-vyvesti-iz-organizma-marixuanu.html; receptdolgolet.ru
очистка организма от канабиса; https://bezpuza.ru/ochishhenie-organizma/krov/ochistit-organizm-ot-travy.html; bezpuza.ru
очистка организма от канабиса; http://www.vrednye.ru/narkotiki/kak-vyvesti-marixuanu.html; www.vrednye.ru
очистка организма от канабиса; http://vsegdazdorov.net/story/kak-vyvesti-narkotiki-iz-organizma; vsegdazdorov.net
очистка организма от канабиса; http://narcofree.ru/metodi_lecheniya_narkomanii/vivod_narkotikov_alkogolya_iz_organizma; narcofree.ru
.............................................
сколько стоит кодировка от алкоголя; http://alkozaur.ru/skolko-mozhet-stoit-kodirovanie-ot-alkogolya/; alkozaur.ru
сколько стоит кодировка от алкоголя; http://klinika-doroslyh.kiev.ua/index.php/%D0%9D%D0%B0%D1%80%D0%BA%D0%BE%D0%BB%D0%BE%D0%B3%D0%B8%D1%8F/kodirovka.html; klinika-doroslyh.kiev.ua
.............................................
тест на наркотики; https://zdravoe.com/724/index.html; zdravoe.com
тест на наркотики; https://www.dobrenok.com/ua/news/2745-yak-pratsyuyut-testi-na-narkotiki.html; www.dobrenok.com
.............................................
алкоблокада; https://odesskayaoblast.flagma.ua/lechenie-alkoholizma-so237608-1.html; odesskayaoblast.flagma.ua
алкоблокада; http://forumodua.com/archive/index.php?t-31167-p-3.html; forumodua.com
.............................................
алкоблокатор; http://badbed.ru/bads-new/98-sober.html; badbed.ru
.............................................
алкоголик очень много пьет воды; https://propochemu.ru/565-vo-vsem-dolzhna-byt-mera-prichiny-i-sposoby-borby-s-postoyannoy-zhazhdoy; propochemu.ru
алкоголик очень много пьет воды; https://pohmelje.ru/voda-ot-pohmelya/; pohmelje.ru
алкоголик очень много пьет воды; http://www.trezv.com/alcoholism1; www.trezv.com
.............................................
алкогольная интоксикация; http://vsegdazdorov.net/story/alkogolnaya-intoksikaciya; vsegdazdorov.net
алкогольная интоксикация; http://www.neuroplus.ru/bolezni/alkogolizm/alkogolnaya-intoksikaciya-otravlenie.html; www.neuroplus.ru
алкогольная интоксикация; http://stopalkogolizm.ru/alkogolnaya-intoksikaciya/; stopalkogolizm.ru
алкогольная интоксикация; http://narcofree.ru/metodi_lecheniya_alkogolizma/snyatie_alkogolnoy_intoksikatsii; narcofree.ru
алкогольная интоксикация; http://narcofree.ru/metodi_lecheniya_alkogolizma/lechenie_ostroy_alkogolnoy_intoksikatsii_tyazhelogo_otravleniya_alkogolem; narcofree.ru
алкогольная интоксикация; http://www.russlav.ru/alkogolizm/alkogolnaya-intoksikatsiya.html; www.russlav.ru
алкогольная интоксикация; https://nebolet.com/bolezni/alkogolnaya-intoksikaciya.html; nebolet.com
алкогольная интоксикация; http://otravleniya.net/alkogolnye-i-narkoticheskie-otravleniya/alkogolnoe-otravlenie-lechenie-v-domashnikh-usloviyakh.html; otravleniya.net
алкогольная интоксикация; http://alkogolu.net/posledstviya/pohmelie/alkogolnaya-intoksikaziya.html; alkogolu.net
алкогольная интоксикация; http://okeydoc.ru/alkogolnaya-intoksikaciya-pervaya-pomoshh-pri-otravlenii-alkogolem/; okeydoc.ru
алкогольная интоксикация; http://my7lifes.com/alcohol-intoxication.html; my7lifes.com
.............................................
алкогольная эпилепсия; http://www.neuroplus.ru/bolezni/epilepsiya/alkogolnaya-epilepsiya.html; www.neuroplus.ru
алкогольная эпилепсия; http://stopalkogolizm.ru/alkogolnaya-epilepsiya/; stopalkogolizm.ru
алкогольная эпилепсия; https://doctor-neurologist.ru/alkogolnaya-epilepsiya; doctor-neurologist.ru
алкогольная эпилепсия; http://psihomed.com/alkogolnaya-epilepsiya/; psihomed.com
алкогольная эпилепсия; http://europaclinic.ru/alkogol-i-zdorove/epilepsiya-pri-alkogolizme.html; europaclinic.ru
алкогольная эпилепсия; http://vsegdazdorov.net/story/alkogolnaya-epilepsiya; vsegdazdorov.net
алкогольная эпилепсия; http://gidmed.com/narkologiya/alcogolizm/alkogolnaya-epilepsiya.html; gidmed.com
алкогольная эпилепсия; http://simptomer.ru/health/494-alkogolnaya-epilepsiya; simptomer.ru
алкогольная эпилепсия; http://neurodoc.ru/bolezni/epilepsiya/alkogolnoya-epilepsiya.html; neurodoc.ru
алкогольная эпилепсия; http://indepress.ru/alkogolizm/epilepsiya.html; indepress.ru
алкогольная эпилепсия; http://okeydoc.ru/alkogolnaya-epilepsiya-simptomy-prichiny-lechenie-posledstviya-pristupov/; okeydoc.ru
алкогольная эпилепсия; http://nerv.hvatit-bolet.ru/alkogolnaja-jepilepsija.html; nerv.hvatit-bolet.ru
алкогольная эпилепсия; http://medinsult.ru/epilepsiya/alkogol.html; medinsult.ru
.............................................
анализы на наркотики; http://vsegdazdorov.net/story/analizy-na-narkotiki; vsegdazdorov.net
анализы на наркотики; https://ru.wikihow.com/%D1%81%D0%B4%D0%B0%D1%82%D1%8C-%D0%B0%D0%BD%D0%B0%D0%BB%D0%B8%D0%B7-%D0%BD%D0%B0-%D0%BD%D0%B0%D1%80%D0%BA%D0%BE%D1%82%D0%B8%D0%BA%D0%B8; ru.wikihow.com
анализы на наркотики; http://dolgojit.net/analiz-na-narkotiki.php; dolgojit.net
анализы на наркотики; http://zdorovia.net.ua/archives/4763; zdorovia.net.ua
.............................................
вопросы алкоголизма; https://alcofan.com/test-na-alkogolizm; alcofan.com
вопросы алкоголизма; http://www.polismed.com/articles-alkogolizm-obshhie-voprosy-lechenija.html; www.polismed.com
вопросы алкоголизма; http://xn----7sbabkauaucayksiop0b0af4c.xn--p1ai/testy-detyam/test-na-alkogolizm/; психоаналитик-матвеев.рф
.............................................
вопросы о вреде алкоголя; http://narcofree.ru/materiali_ob_alkogolizme/pravda_o_vrede_alkogolya; narcofree.ru
вопросы о вреде алкоголя; http://www.vitamarg.com/health/article/595-vred-alkogolya; www.vitamarg.com
вопросы о вреде алкоголя; http://www.ovrede.ru/; www.ovrede.ru
вопросы о вреде алкоголя; http://brositpitlegko.ru/faq/o-vrede-alkogolizma/; brositpitlegko.ru
.............................................
вопросы про алкоголизм; http://narcofree.ru/materiali_ob_alkogolizme/alkogolizm_soveti_spetsialista; narcofree.ru
вопросы про алкоголизм; http://www.polismed.com/articles-alkogolizm-obshhie-voprosy-lechenija.html; www.polismed.com
вопросы про алкоголизм; https://alcofan.com/test-na-alkogolizm; alcofan.com
вопросы про алкоголизм; http://xn----7sbabkauaucayksiop0b0af4c.xn--p1ai/testy-detyam/test-na-alkogolizm/; психоаналитик-матвеев.рф
.............................................
вызов нарколога на дом; http://www.clinic-health.in.ua/%D0%B2%D1%8B%D0%B7%D0%BE%D0%B2-%D0%BD%D0%B0%D1%80%D0%BA%D0%BE%D0%BB%D0%BE%D0%B3%D0%B0-%D0%BD%D0%B0-%D0%B4%D0%BE%D0%BC-%D0%BA%D0%B8%D0%B5%D0%B2/; www.clinic-health.in.ua
вызов нарколога на дом; http://nc-positive.com.ua/metodi-lechenia/vyezd-vracha-narkologa-na-dom; nc-positive.com.ua
.............................................
вылечить алкоголизм 100%; http://stopalkogolizm.ru/kak-lechit-alkogolizma-bez-vedoma-bolnogo/; stopalkogolizm.ru
вылечить алкоголизм 100%; https://pohmelje.ru/mozhno-li-vylechit-alcogolizm/; pohmelje.ru
вылечить алкоголизм 100%; http://zdorov-info.com.ua/novosti/medicina-segodnja/18023-alkogolizm-poprobujut-vylechitnarkotikami.html; zdorov-info.com.ua
.............................................
запои лечение; http://narcofree.ru/metodi_lecheniya_alkogolizma/zapoy_schema_lecheniya; narcofree.ru
запои лечение; http://narcofree.ru/materiali_ob_alkogolizme/zapoyniy-alkogolizm-proyavlenie-i-lechenie; narcofree.ru
запои лечение; http://www.russlav.ru/alkogolizm/vyvod-iz-zapoya-na-domu.html; www.russlav.ru
запои лечение; http://www.happydoctor.ru/patient/lechenie-zapoja; www.happydoctor.ru
запои лечение; https://pohmelje.ru/kak-vyjti-iz-zapoya/; pohmelje.ru
.............................................
запой и мочеспускание; https://pohmelje.ru/pochemu-posle-zapoya/; pohmelje.ru
запой и мочеспускание; http://alkogolu.net/bolezni/cistit-posle-alkogolya.html; alkogolu.net
запой и мочеспускание; http://narcofree.ru/materiali_ob_alkogolizme/sindrom_otmeni; narcofree.ru
запой и мочеспускание; http://ozavisimostyah.ru/alkogolizm/zapoj-i-pohmele/bessonnica-posle-dlitelnogo-zapoja.html; ozavisimostyah.ru
запой и мочеспускание; http://stopalkogolizm.ru/alkogolnaya-intoksikaciya/; stopalkogolizm.ru
запой и мочеспускание; http://urohelp.vn.ua/ostraja_zaderzhka_mochi_neotlozhnaja_pomoshh_prichiny_vozniknovenija/; urohelp.vn.ua
.............................................
запой после года кодировки что делать; http://narcofree.ru/materiali_ob_alkogolizme/posle_kodirovaniya; narcofree.ru
запой после года кодировки что делать; http://bezzapoya.ru/posle-kodirovaniya.html; bezzapoya.ru
запой после года кодировки что делать; http://alkozaur.ru/zhizn-posle-kodirovaniya/; alkozaur.ru
запой после года кодировки что делать; http://zavisimosty.ru/alkogolizm/profilaktika/sryv-posle-kodirovaniya.html; zavisimosty.ru
запой после года кодировки что делать; http://alkogolu.net/lechenie/kodirovanie/chto-budet-esli-zakodirovannyj-vypet.html; alkogolu.net
.............................................
запой с дисульфирамом; http://narcofree.ru/metodi_lecheniya_alkogolizma/vshivanie_esperal; narcofree.ru
запой с дисульфирамом; http://narcofree.ru/lekarstva_ot_alkogolizma/disulfiram; narcofree.ru
запой с дисульфирамом; http://yatrezv.com/brosit/sposoby-lecheniya/esperal.html; yatrezv.com
запой с дисульфирамом; http://alkogolu.net/lechenie/disulfiram.html; alkogolu.net
запой с дисульфирамом; http://stopalkogolizm.ru/disulfiram-kodirovanie-ot-alkogolya/; stopalkogolizm.ru
запой с дисульфирамом; http://ozavisimostyah.ru/alkogolizm/zapoj-i-pohmele/tabletki-ot-zapoja.html; ozavisimostyah.ru
запой с дисульфирамом; http://forum.awd.ru/viewtopic.php?f=87&t=134045; forum.awd.ru
запой с дисульфирамом; http://infoline.sumy.ua/medikamentoznye-metody-lecheniia-alkogolizma; infoline.sumy.ua
.............................................
имплант и алкоголь; http://spirtok.ru/mozhno-li-alkogol-posle-udaleniya-zuba/; spirtok.ru
имплант и алкоголь; http://www.xn--80aadexdcvimpe6br6b2j.com/itemlist/Vopros--otvet; www.имплантациязубов.com
имплант и алкоголь; http://narcofree.ru/metodi_lecheniya_alkogolizma/vshivanie_esperal; narcofree.ru
.............................................
имплантация алкоблокатора; https://www.medcentre.com.ua/chastnaya-psihiatricheskaya-klinika.html; www.medcentre.com.ua
имплантация алкоблокатора; https://germania.one/ad-board/show-adv/47/%D0%BB%D0%B5%D1%87%D0%B5%D0%BD%D0%B8%D0%B5-%D0%BD%D0%B0%D1%80%D0%BA%D0%BE%D0%BC%D0%B0%D0%BD%D0%B8%D0%B8-%D0%B8-%D0%B0%D0%BB%D0%BA%D0%BE%D0%B3%D0%BE%D0%BB%D0%B8%D0%B7%D0%BC%D0%B0-%D0%BF%D0%BE%D0%B4/%D0%BA%D1%80%D0%B0%D1%81%D0%BE%D1%82%D0%B0-%D0%B8-%D0%B7%D0%B4%D0%BE%D1%80%D0%BE%D0%B2%D1%8C%D0%B5/; germania.one
.............................................
как остановить запой; http://narodnue-sredstva.ru/kak-ostanovit-zapoj-v-domashnix-usloviyax; narodnue-sredstva.ru
как остановить запой; http://bezzapoya.ru/ostanovit-zapoy.html; bezzapoya.ru
как остановить запой; http://bezzapoya.ru/prekratit-na-domu.html; bezzapoya.ru
как остановить запой; http://stopdrink.info/kak-ostanovit-zapoy/; stopdrink.info
как остановить запой; http://forum.awd.ru/viewtopic.php?f=87&t=134045; forum.awd.ru
.............................................
как обьяснить подростку про пиво; http://www.uaua.info/ot-9-do-16/zdorovye-ot-9-do-16/news-41423-kak-sformirovat-u-podrostka-pravilnoe-otnoshenie-k-alkogolyu/; www.uaua.info
как обьяснить подростку про пиво; https://pohmelje.ru/pochemu-detyam-nelzya-alkogol/; pohmelje.ru
как обьяснить подростку про пиво; http://europaclinic.ru/deti-i-alkogol/pivo-detyam.html; europaclinic.ru
как обьяснить подростку про пиво; http://www.kraskizhizni.com/school/teen/77-10-sovetov-podrostok; www.kraskizhizni.com
.............................................
как понижается ггт при употреблении спитроного; http://science-health.com.ua/enciklopedia/exam_ggt_povishen_v_krovi.html; science-health.com.ua
как понижается ггт при употреблении спитроного; http://alcoholismhls.ru/2013/08/27/ocenka-posledstvij-upotrebleniya-alkogolya/; alcoholismhls.ru
как понижается ггт при употреблении спитроного; https://www.lvrach.ru/1999/04/4527593/; www.lvrach.ru
как понижается ггт при употреблении спитроного; http://zdorovko.info/pochemu-povyshennyj-uroven-gamma-gt/; zdorovko.info
как понижается ггт при употреблении спитроного; https://gradusnik.net/ggt-gamma-glutamiltransferaza/; gradusnik.net
как понижается ггт при употреблении спитроного; http://serdcet.ru/ggt.html; serdcet.ru
.............................................
как понять что пора лечить алкоголизм; http://narcofree.ru/metodi_lecheniya_alkogolizma/ubedit_alkogolika_lechitsya; narcofree.ru
как понять что пора лечить алкоголизм; https://alcofan.com/test-na-alkogolizm; alcofan.com
как понять что пора лечить алкоголизм; http://ozavisimostyah.ru/alkogolizm/alkogol-i-zdorove/priznaki-alkogolizma.html; ozavisimostyah.ru
как понять что пора лечить алкоголизм; http://alkogolu.net/obshee/stadii-i-stepeni-alkogolizma.html; alkogolu.net
.............................................
кодирование от алкоголизма по методу довженко; http://narcofree.ru/metodi_lecheniya_alkogolizma/kodirovanie_po_dovzhenko; narcofree.ru
.............................................
кодирование от алкоголизма; http://klinika-doroslyh.kiev.ua/index.php/%D0%9D%D0%B0%D1%80%D0%BA%D0%BE%D0%BB%D0%BE%D0%B3%D0%B8%D1%8F/kodirovka.html; klinika-doroslyh.kiev.ua
.............................................
кодирование от алкоголизма уколы; http://narcofree.ru/metodi_lecheniya_alkogolizma/ukol-ot-alkogolizma-kak-lechit-i-chto-bivaet; narcofree.ru
кодирование от алкоголизма уколы; http://gidmed.com/narkologiya/alcogolizm/kodirovanie-ukolom.html; gidmed.com
кодирование от алкоголизма уколы; http://yatrezv.com/brosit/sposoby-lecheniya/inekcionnoe-kodirovaniye.html; yatrezv.com
кодирование от алкоголизма уколы; http://stopdrink.info/ukol-ot-alkogolizma/; stopdrink.info
кодирование от алкоголизма уколы; http://indepress.ru/alkogolizm/kodirovanie-ukolom.html; indepress.ru
.............................................
кодирование от алкогольной зависимости метод лысенко; http://jizn.com.ua/content/kak-vylechit-rak; jizn.com.ua
.............................................
кодировка алкоголь блокатор; http://narcofree.ru/metodi_lecheniya_alkogolizma/ukol-ot-alkogolizma-kak-lechit-i-chto-bivaet; narcofree.ru
кодировка алкоголь блокатор; http://nc-positive.com.ua/articles/kodirovanie-ot-alkogolizma; nc-positive.com.ua
.............................................
кодировка от алкоголя по фотографии; http://sovet.kidstaff.com.ua/question-217190; sovet.kidstaff.com.ua
кодировка от алкоголя по фотографии; http://stopalkogolizm.ru/kodirovanie-ot-alkogolizma-bez-soglasiya-bolnogo/; stopalkogolizm.ru
кодировка от алкоголя по фотографии; http://tonkiimir.ru/viewtopic.php?f=8&t=79034; tonkiimir.ru
кодировка от алкоголя по фотографии; http://narcofree.ru/metodi_lecheniya_alkogolizma/lechenie_alkogolizma_bez_vedoma_bolnogo_realno; narcofree.ru
кодировка от алкоголя по фотографии; https://www.kharkovforum.com/showthread.php?t=597852; www.kharkovforum.com
кодировка от алкоголя по фотографии; http://www.russlav.ru/alkogolizm/kodirovanie-ot-alkogolizma.html; www.russlav.ru
.............................................
кодировка от алкоголя подшивка; http://narcofree.ru/metodi_lecheniya_alkogolizma/podshivka_ot_alkogolya; narcofree.ru
кодировка от алкоголя подшивка; http://vsegdazdorov.net/story/podshivka-ot-alkogolizma; vsegdazdorov.net
.............................................
